week_idx,iso_week,source,stock_id,pred_top,actual_return,actual_rank,total,percentile,weight
1,2026-W2,model01,601328,True,-0.019283746556473802,262,300,12.67,
1,2026-W2,model01,600482,True,0.13333333333333341,8,300,97.33,
1,2026-W2,model01,601229,True,-0.019762845849802372,265,300,11.67,
1,2026-W2,model01,601006,True,-0.009671179883945826,243,300,19.0,
1,2026-W2,model01,601077,True,0.009316770186335425,190,300,36.67,
1,2026-W2,model02,300502,True,-0.09153108624516604,299,300,0.33,
1,2026-W2,model02,000408,True,0.011645688742500946,174,300,42.0,
1,2026-W2,model02,601698,True,0.22776868521549365,1,300,99.67,
1,2026-W2,model02,300394,True,-0.07546622862112283,298,300,0.67,
1,2026-W2,model02,600183,True,-0.04761904761904764,289,300,3.67,
1,2026-W2,model03,600115,True,0.02504173622704505,132,300,56.0,
1,2026-W2,model03,000708,True,-0.04564564564564559,288,300,4.0,
1,2026-W2,model03,600029,True,0.003773584905660362,210,300,30.0,
1,2026-W2,model03,300394,True,-0.07546622862112283,298,300,0.67,
1,2026-W2,model03,603993,True,0.061881188118811804,47,300,84.33,
1,2026-W2,model04,601360,True,0.014324082363473505,164,300,45.33,
1,2026-W2,model04,002709,True,-0.09444444444444434,300,300,0.0,
1,2026-W2,model04,002463,True,-0.04932249322493223,291,300,3.0,
1,2026-W2,model04,002938,True,0.029944838455476824,119,300,60.33,
1,2026-W2,model04,601698,True,0.22776868521549365,1,300,99.67,
1,2026-W2,model05,600115,True,0.02504173622704505,132,300,56.0,
1,2026-W2,model05,688036,True,0.009522370012091875,188,300,37.33,
1,2026-W2,model05,600026,True,0.09090909090909087,23,300,92.33,
1,2026-W2,model05,601872,True,0.09799554565701568,16,300,94.67,
1,2026-W2,model05,300442,True,0.14799778556929333,7,300,97.67,
1,2026-W2,model07,002460,True,0.013354281225451722,167,300,44.33,
1,2026-W2,model07,300394,True,-0.07546622862112283,298,300,0.67,
1,2026-W2,model07,002709,True,-0.09444444444444434,300,300,0.0,
1,2026-W2,model07,002466,True,0.03584229390680997,101,300,66.33,
1,2026-W2,model07,000063,True,0.055232558139534794,55,300,81.67,
1,2026-W2,ensemble,300394,True,-0.07546622862112283,298,300,,0.268981
1,2026-W2,ensemble,600115,True,0.02504173622704505,132,300,,0.205586
1,2026-W2,ensemble,002709,True,-0.09444444444444434,300,300,,0.185182
1,2026-W2,ensemble,000408,True,0.011645688742500946,174,300,,0.18443
1,2026-W2,ensemble,300502,True,-0.09153108624516604,299,300,,0.155821
2,2026-W3,model01,601899,True,0.0026164311878597154,107,300,64.33,
2,2026-W3,model01,603993,True,0.041810344827586166,36,300,88.0,
2,2026-W3,model01,601838,True,-0.0062150403977625545,146,300,51.33,
2,2026-W3,model01,601138,True,0.0007157918202522871,115,300,61.67,
2,2026-W3,model01,601600,True,-0.04114365411436535,278,300,7.33,
2,2026-W3,model02,601698,True,-0.2290645224553834,300,300,0.0,
2,2026-W3,model02,300502,True,0.06251295336787561,24,300,92.0,
2,2026-W3,model02,600362,True,0.0829549423681453,14,300,95.33,
2,2026-W3,model02,000408,True,0.008898776418242486,91,300,69.67,
2,2026-W3,model02,300394,True,0.0010198878123407053,114,300,62.0,
2,2026-W3,model03,603019,True,0.0036309269542930496,103,300,65.67,
2,2026-W3,model03,688041,True,0.024944230379233476,66,300,78.0,
2,2026-W3,model03,300274,True,0.015549370764762845,78,300,74.0,
2,2026-W3,model03,300308,True,0.11573684210526299,6,300,98.0,
2,2026-W3,model03,601238,True,-0.0035671819262782013,132,300,56.0,
2,2026-W3,model04,688041,True,0.024944230379233476,66,300,78.0,
2,2026-W3,model04,002938,True,0.03538000748783218,44,300,85.33,
2,2026-W3,model04,601138,True,0.0007157918202522871,115,300,61.67,
2,2026-W3,model04,300394,True,0.0010198878123407053,114,300,62.0,
2,2026-W3,model04,603296,True,-0.0215163934426229,241,300,19.67,
2,2026-W3,model05,300308,True,0.11573684210526299,6,300,98.0,
2,2026-W3,model05,300394,True,0.0010198878123407053,114,300,62.0,
2,2026-W3,model05,000807,True,-0.027445255474452656,254,300,15.33,
2,2026-W3,model05,000408,True,0.008898776418242486,91,300,69.67,
2,2026-W3,model05,002709,True,-0.010318528488111281,177,300,41.0,
2,2026-W3,model07,002938,True,0.03538000748783218,44,300,85.33,
2,2026-W3,model07,601138,True,0.0007157918202522871,115,300,61.67,
2,2026-W3,model07,000617,True,-0.00817160367722167,162,300,46.0,
2,2026-W3,model07,300502,True,0.06251295336787561,24,300,92.0,
2,2026-W3,model07,300308,True,0.11573684210526299,6,300,98.0,
2,2026-W3,ensemble,601138,True,0.0007157918202522871,115,300,,0.258285
2,2026-W3,ensemble,300308,True,0.11573684210526299,6,300,,0.197877
2,2026-W3,ensemble,688041,True,0.024944230379233476,66,300,,0.197675
2,2026-W3,ensemble,300394,True,0.0010198878123407053,114,300,,0.184957
2,2026-W3,ensemble,603019,True,0.0036309269542930496,103,300,,0.161205
3,2026-W4,model01,601899,True,0.020467836257310034,82,300,72.67,
3,2026-W4,model01,601698,True,-0.002301790281329924,174,300,42.0,
3,2026-W4,model01,603993,True,-0.05274000824062622,287,300,4.33,
3,2026-W4,model01,601838,True,0.005714285714285813,123,300,59.0,
3,2026-W4,model01,601728,True,-0.02173913043478263,237,300,21.0,
3,2026-W4,model02,600362,True,-0.041640178003814345,271,300,9.67,
3,2026-W4,model02,601698,True,-0.002301790281329924,174,300,42.0,
3,2026-W4,model02,300442,True,0.006944444444444443,120,300,60.0,
3,2026-W4,model02,300418,True,-0.03302225412778184,262,300,12.67,
3,2026-W4,model02,002050,True,-0.05427688079697698,290,300,3.33,
3,2026-W4,model03,601698,True,-0.002301790281329924,174,300,42.0,
3,2026-W4,model03,300418,True,-0.03302225412778184,262,300,12.67,
3,2026-W4,model03,300442,True,0.006944444444444443,120,300,60.0,
3,2026-W4,model03,300502,True,0.03480278422273797,61,300,79.67,
3,2026-W4,model03,002460,True,0.028840579710144844,68,300,77.33,
3,2026-W4,model04,300803,True,-0.04188053261920709,272,300,9.33,
3,2026-W4,model04,688012,True,-0.08329659500531626,299,300,0.33,
3,2026-W4,model04,002049,True,0.0,154,300,48.67,
3,2026-W4,model04,688041,True,0.12195121951219522,13,300,95.67,
3,2026-W4,model04,601698,True,-0.002301790281329924,174,300,42.0,
3,2026-W4,model05,601698,True,-0.002301790281329924,174,300,42.0,
3,2026-W4,model05,688012,True,-0.08329659500531626,299,300,0.33,
3,2026-W4,model05,603986,True,0.054882394868139686,42,300,86.0,
3,2026-W4,model05,600362,True,-0.041640178003814345,271,300,9.67,
3,2026-W4,model05,000807,True,0.011996308828052877,104,300,65.33,
3,2026-W4,model07,603986,True,0.054882394868139686,42,300,86.0,
3,2026-W4,model07,002460,True,0.028840579710144844,68,300,77.33,
3,2026-W4,model07,300502,True,0.03480278422273797,61,300,79.67,
3,2026-W4,model07,300308,True,0.014876033057851271,96,300,68.0,
3,2026-W4,model07,688472,True,-0.02190645352279453,239,300,20.33,
3,2026-W4,ensemble,601698,True,-0.002301790281329924,174,300,,0.396406
3,2026-W4,ensemble,603986,True,0.054882394868139686,42,300,,0.176695
3,2026-W4,ensemble,688012,True,-0.08329659500531626,299,300,,0.148928
3,2026-W4,ensemble,601899,True,0.020467836257310034,82,300,,0.139293
3,2026-W4,ensemble,300418,True,-0.03302225412778184,262,300,,0.138678
4,2026-W5,model01,601398,True,0.011126564673157294,92,300,69.33,
4,2026-W5,model01,601899,True,0.06350025813113074,29,300,90.33,
4,2026-W5,model01,601288,True,0.004444444444444474,105,300,65.0,
4,2026-W5,model01,600919,True,0.04115226337448568,48,300,84.0,
4,2026-W5,model01,603993,True,0.08622147083685557,14,300,95.33,
4,2026-W5,model02,601698,True,-0.06600000000000002,271,300,9.67,
4,2026-W5,model02,688012,True,-0.0586103542234333,262,300,12.67,
4,2026-W5,model02,300442,True,-0.012195121951219497,171,300,43.0,
4,2026-W5,model02,300433,True,-0.12114014251781471,298,300,0.67,
4,2026-W5,model02,603986,True,0.049999999999999926,41,300,86.33,
4,2026-W5,model03,300502,True,0.022880463401790292,68,300,77.33,
4,2026-W5,model03,300394,True,0.17120890774125133,3,300,99.0,
4,2026-W5,model03,688506,True,-0.022502498363141298,198,300,34.0,
4,2026-W5,model03,002384,True,0.007123287671232761,101,300,66.33,
4,2026-W5,model03,300308,True,0.06241379310344826,31,300,89.67,
4,2026-W5,model04,603986,True,0.049999999999999926,41,300,86.33,
4,2026-W5,model04,300394,True,0.17120890774125133,3,300,99.0,
4,2026-W5,model04,601698,True,-0.06600000000000002,271,300,9.67,
4,2026-W5,model04,688008,True,0.014476262722043212,82,300,72.67,
4,2026-W5,model04,300476,True,-0.04127031683019998,240,300,20.0,
4,2026-W5,model05,688396,True,-0.024277811923786145,204,300,32.0,
4,2026-W5,model05,688126,True,-0.02308678922616504,199,300,33.67,
4,2026-W5,model05,600183,True,-0.05756718528995754,261,300,13.0,
4,2026-W5,model05,002916,True,-0.06834342367234167,274,300,8.67,
4,2026-W5,model05,601898,True,0.03975535168195725,49,300,83.67,
4,2026-W5,model07,300750,True,-0.010283506618942083,164,300,45.33,
4,2026-W5,model07,002938,True,-0.02902557014512801,214,300,28.67,
4,2026-W5,model07,002916,True,-0.06834342367234167,274,300,8.67,
4,2026-W5,model07,600183,True,-0.05756718528995754,261,300,13.0,
4,2026-W5,model07,002463,True,-0.04805013927576602,247,300,17.67,
4,2026-W5,ensemble,601698,True,-0.06600000000000002,271,300,,0.333514
4,2026-W5,ensemble,603986,True,0.049999999999999926,41,300,,0.180149
4,2026-W5,ensemble,300394,True,0.17120890774125133,3,300,,0.176977
4,2026-W5,ensemble,002916,True,-0.06834342367234167,274,300,,0.154839
4,2026-W5,ensemble,600183,True,-0.05756718528995754,261,300,,0.15452
5,2026-W6,model01,601398,True,0.006887052341597779,141,300,53.0,
5,2026-W6,model01,300442,True,-0.06707317073170742,271,300,9.67,
5,2026-W6,model01,601868,True,-0.008264462809917427,189,300,37.0,
5,2026-W6,model01,688012,True,0.023193706638799303,78,300,74.0,
5,2026-W6,model01,601939,True,0.012600229095074434,117,300,61.0,
5,2026-W6,model02,688008,True,-0.08839779005524853,287,300,4.33,
5,2026-W6,model02,601698,True,-0.03890339425587462,235,300,21.67,
5,2026-W6,model02,688012,True,0.023193706638799303,78,300,74.0,
5,2026-W6,model02,600372,True,0.015434083601286275,109,300,63.67,
5,2026-W6,model02,600584,True,-0.09186622625928986,290,300,3.33,
5,2026-W6,model03,601698,True,-0.03890339425587462,235,300,21.67,
5,2026-W6,model03,300418,True,0.06737193763919828,14,300,95.33,
5,2026-W6,model03,688012,True,0.023193706638799303,78,300,74.0,
5,2026-W6,model03,688472,True,-0.010484927916120613,197,300,34.33,
5,2026-W6,model03,688008,True,-0.08839779005524853,287,300,4.33,
5,2026-W6,model04,603893,True,-0.06304461942257214,264,300,12.0,
5,2026-W6,model04,688012,True,0.023193706638799303,78,300,74.0,
5,2026-W6,model04,601698,True,-0.03890339425587462,235,300,21.67,
5,2026-W6,model04,600426,True,-0.04568802379021352,247,300,17.67,
5,2026-W6,model04,300418,True,0.06737193763919828,14,300,95.33,
5,2026-W6,model05,688012,True,0.023193706638799303,78,300,74.0,
5,2026-W6,model05,688396,True,-0.08150470219435745,283,300,5.67,
5,2026-W6,model05,688008,True,-0.08839779005524853,287,300,4.33,
5,2026-W6,model05,688047,True,-0.0824096385542169,284,300,5.33,
5,2026-W6,model05,688472,True,-0.010484927916120613,197,300,34.33,
5,2026-W6,model07,688012,True,0.023193706638799303,78,300,74.0,
5,2026-W6,model07,601698,True,-0.03890339425587462,235,300,21.67,
5,2026-W6,model07,300442,True,-0.06707317073170742,271,300,9.67,
5,2026-W6,model07,002463,True,-0.06348063912480206,266,300,11.33,
5,2026-W6,model07,601899,True,-0.035801464605370155,232,300,22.67,
5,2026-W6,ensemble,688012,True,0.023193706638799303,78,300,,0.419809
5,2026-W6,ensemble,601698,True,-0.03890339425587462,235,300,,0.224441
5,2026-W6,ensemble,300442,True,-0.06707317073170742,271,300,,0.151381
5,2026-W6,ensemble,300418,True,0.06737193763919828,14,300,,0.122286
5,2026-W6,ensemble,688472,True,-0.010484927916120613,197,300,,0.082083
6,2026-W7,model01,601077,True,0.030627871362940182,39,300,87.0,
6,2026-W7,model01,601728,True,-0.018965517241379203,232,300,22.67,
6,2026-W7,model01,300760,True,-0.009067903838043035,181,300,39.67,
6,2026-W7,model01,605499,True,-0.012138600750386313,200,300,33.33,
6,2026-W7,model01,603392,True,-0.03477846593616008,276,300,8.0,
6,2026-W7,model02,300502,True,-0.0472130112111164,290,300,3.33,
6,2026-W7,model02,600489,True,-0.008922670191672212,178,300,40.67,
6,2026-W7,model02,600219,True,-0.014492753623188406,214,300,28.67,
6,2026-W7,model02,601698,True,-0.051664447403462,293,300,2.33,
6,2026-W7,model02,000630,True,-0.02469135802469133,255,300,15.0,
6,2026-W7,model03,600489,True,-0.008922670191672212,178,300,40.67,
6,2026-W7,model03,300394,True,0.16808664259927783,4,300,98.67,
6,2026-W7,model03,300418,True,0.03389830508474572,35,300,88.33,
6,2026-W7,model03,600547,True,-0.0004376367614878648,125,300,58.33,
6,2026-W7,model03,000630,True,-0.02469135802469133,255,300,15.0,
6,2026-W7,model04,601698,True,-0.051664447403462,293,300,2.33,
6,2026-W7,model04,300442,True,0.0,119,300,60.33,
6,2026-W7,model04,688012,True,-0.03392791726547753,274,300,8.67,
6,2026-W7,model04,300418,True,0.03389830508474572,35,300,88.33,
6,2026-W7,model04,000338,True,0.11786296900489396,10,300,96.67,
6,2026-W7,model05,688012,True,-0.03392791726547753,274,300,8.67,
6,2026-W7,model05,300442,True,0.0,119,300,60.33,
6,2026-W7,model05,601698,True,-0.051664447403462,293,300,2.33,
6,2026-W7,model05,300316,True,-0.09217391304347836,299,300,0.33,
6,2026-W7,model05,002916,True,-0.052419354838709645,294,300,2.0,
6,2026-W7,model07,601698,True,-0.051664447403462,293,300,2.33,
6,2026-W7,model07,300394,True,0.16808664259927783,4,300,98.67,
6,2026-W7,model07,688472,True,-0.05339195979899505,295,300,1.67,
6,2026-W7,model07,002916,True,-0.052419354838709645,294,300,2.0,
6,2026-W7,model07,300316,True,-0.09217391304347836,299,300,0.33,
6,2026-W7,ensemble,601698,True,-0.051664447403462,293,300,,0.311405
6,2026-W7,ensemble,300442,True,0.0,119,300,,0.18795
6,2026-W7,ensemble,600489,True,-0.008922670191672212,178,300,,0.176114
6,2026-W7,ensemble,300418,True,0.03389830508474572,35,300,,0.169442
6,2026-W7,ensemble,300394,True,0.16808664259927783,4,300,,0.155088
7,2026-W9,model01,300394,True,0.03969512195121952,31,300,89.67,
7,2026-W9,model01,601169,True,-0.011049723756906046,193,300,35.67,
7,2026-W9,model01,601939,True,-0.012600229095074597,201,300,33.0,
7,2026-W9,model01,603986,True,-0.04409448818897635,275,300,8.33,
7,2026-W9,model01,601288,True,-0.015337423312883456,209,300,30.33,
7,2026-W9,model02,000975,True,-0.00389610389610393,161,300,46.33,
7,2026-W9,model02,300442,True,0.06633986928104572,17,300,94.33,
7,2026-W9,model02,600219,True,0.018950437317784258,76,300,74.67,
7,2026-W9,model02,688008,True,-0.04406141537737513,274,300,8.67,
7,2026-W9,model02,300418,True,-0.06188925081433225,292,300,2.67,
7,2026-W9,model03,600489,True,0.0006455777921239797,134,300,55.33,
7,2026-W9,model03,000630,True,0.03862068965517242,35,300,88.33,
7,2026-W9,model03,000975,True,-0.00389610389610393,161,300,46.33,
7,2026-W9,model03,600547,True,-0.006772486772486697,174,300,42.0,
7,2026-W9,model03,300394,True,0.03969512195121952,31,300,89.67,
7,2026-W9,model04,300308,True,0.023985239852398574,65,300,78.33,
7,2026-W9,model04,002916,True,0.1780810552951425,3,300,99.0,
7,2026-W9,model04,300502,True,0.008152173913043511,103,300,65.67,
7,2026-W9,model04,600426,True,0.010232300884955683,99,300,67.0,
7,2026-W9,model04,002648,True,0.02213368747233275,70,300,76.67,
7,2026-W9,model05,600489,True,0.0006455777921239797,134,300,55.33,
7,2026-W9,model05,000975,True,-0.00389610389610393,161,300,46.33,
7,2026-W9,model05,603986,True,-0.04409448818897635,275,300,8.33,
7,2026-W9,model05,300442,True,0.06633986928104572,17,300,94.33,
7,2026-W9,model05,600362,True,-0.006855334856741174,175,300,41.67,
7,2026-W9,model07,688981,True,-0.025417266796577142,238,300,20.67,
7,2026-W9,model07,688472,True,-0.0123711340206186,200,300,33.33,
7,2026-W9,model07,688256,True,0.007709503106683321,105,300,65.0,
7,2026-W9,model07,603260,True,0.04828724721419743,21,300,93.0,
7,2026-W9,model07,002384,True,0.0456581239114209,24,300,92.0,
7,2026-W9,ensemble,600489,True,0.0006455777921239797,134,300,,0.235081
7,2026-W9,ensemble,603986,True,-0.04409448818897635,275,300,,0.20589
7,2026-W9,ensemble,688008,True,-0.04406141537737513,274,300,,0.193585
7,2026-W9,ensemble,000975,True,-0.00389610389610393,161,300,,0.190981
7,2026-W9,ensemble,300394,True,0.03969512195121952,31,300,,0.174462
8,2026-W10,model01,603392,True,-0.06197530864197533,262,300,12.67,
8,2026-W10,model01,603369,True,-0.06122448979591837,259,300,13.67,
8,2026-W10,model01,600600,True,-0.006654763837039478,111,300,63.0,
8,2026-W10,model01,601939,True,0.039534883720930336,31,300,89.67,
8,2026-W10,model01,601919,True,0.011635423400129177,73,300,75.67,
8,2026-W10,model02,300502,True,0.13078736987404382,3,300,99.0,
8,2026-W10,model02,600176,True,0.03002660585328775,42,300,86.0,
8,2026-W10,model02,002493,True,-0.05003088326127243,228,300,24.0,
8,2026-W10,model02,002028,True,0.07140515990073522,11,300,96.33,
8,2026-W10,model02,300316,True,-0.12463289280469893,298,300,0.67,
8,2026-W10,model03,300394,True,-0.08801722728016137,294,300,2.0,
8,2026-W10,model03,600482,True,0.04142357059509916,26,300,91.33,
8,2026-W10,model03,300418,True,-0.13475295291964723,299,300,0.33,
8,2026-W10,model03,300316,True,-0.12463289280469893,298,300,0.67,
8,2026-W10,model03,300251,True,-0.08386075949367083,289,300,3.67,
8,2026-W10,model04,002384,True,0.07214285714285718,10,300,96.67,
8,2026-W10,model04,002028,True,0.07140515990073522,11,300,96.33,
8,2026-W10,model04,300418,True,-0.13475295291964723,299,300,0.33,
8,2026-W10,model04,300394,True,-0.08801722728016137,294,300,2.0,
8,2026-W10,model04,000630,True,-0.07274969173859433,278,300,7.33,
8,2026-W10,model05,688223,True,-0.035616438356164425,195,300,35.0,
8,2026-W10,model05,300316,True,-0.12463289280469893,298,300,0.67,
8,2026-W10,model05,600115,True,-0.06469500924214422,268,300,10.67,
8,2026-W10,model05,002459,True,0.009282700421940938,79,300,73.67,
8,2026-W10,model05,300251,True,-0.08386075949367083,289,300,3.67,
8,2026-W10,model07,002938,True,-0.05309116311561301,238,300,20.67,
8,2026-W10,model07,601698,True,-0.02164730728616691,150,300,50.0,
8,2026-W10,model07,300316,True,-0.12463289280469893,298,300,0.67,
8,2026-W10,model07,601838,True,0.04089219330855017,28,300,90.67,
8,2026-W10,model07,600026,True,0.08171378091872807,5,300,98.33,
8,2026-W10,ensemble,300316,True,-0.12463289280469893,298,300,,0.262862
8,2026-W10,ensemble,688223,True,-0.035616438356164425,195,300,,0.209609
8,2026-W10,ensemble,300418,True,-0.13475295291964723,299,300,,0.191631
8,2026-W10,ensemble,300502,True,0.13078736987404382,3,300,,0.173625
8,2026-W10,ensemble,600176,True,0.03002660585328775,42,300,,0.162273
9,2026-W11,model01,603392,True,0.02141935483870963,97,300,67.67,
9,2026-W11,model01,601127,True,0.005050505050505019,174,300,42.0,
9,2026-W11,model01,601766,True,0.030351437699680524,68,300,77.33,
9,2026-W11,model01,603369,True,-0.0020526855969893124,209,300,30.33,
9,2026-W11,model01,601728,True,0.008431703204047226,158,300,47.33,
9,2026-W11,model02,300394,True,0.05356153219233903,39,300,87.0,
9,2026-W11,model02,300442,True,-0.03384615384615398,268,300,10.67,
9,2026-W11,model02,600522,True,0.13500189609404634,12,300,96.0,
9,2026-W11,model02,600026,True,-0.13629402756508427,298,300,0.67,
9,2026-W11,model02,600875,True,-0.048919496556637354,280,300,6.67,
9,2026-W11,model03,600489,True,0.012127171419206821,136,300,54.67,
9,2026-W11,model03,300251,True,-0.023378141437755778,261,300,13.0,
9,2026-W11,model03,300394,True,0.05356153219233903,39,300,87.0,
9,2026-W11,model03,000630,True,-0.020689655172413928,256,300,14.67,
9,2026-W11,model03,605117,True,0.19587895508233477,3,300,99.0,
9,2026-W11,model04,300394,True,0.05356153219233903,39,300,87.0,
9,2026-W11,model04,002938,True,-0.002550519913674797,213,300,29.0,
9,2026-W11,model04,300502,True,-0.01794736842105261,252,300,16.0,
9,2026-W11,model04,002028,True,-0.06887125220458551,286,300,4.67,
9,2026-W11,model04,600183,True,0.006679700228087393,170,300,43.33,
9,2026-W11,model05,300394,True,0.05356153219233903,39,300,87.0,
9,2026-W11,model05,300251,True,-0.023378141437755778,261,300,13.0,
9,2026-W11,model05,300442,True,-0.03384615384615398,268,300,10.67,
9,2026-W11,model05,688223,True,0.13749999999999996,11,300,96.33,
9,2026-W11,model05,600522,True,0.13500189609404634,12,300,96.0,
9,2026-W11,model07,688223,True,0.13749999999999996,11,300,96.33,
9,2026-W11,model07,603799,True,0.004193500074883842,179,300,40.33,
9,2026-W11,model07,600031,True,-0.012921089063221083,245,300,18.33,
9,2026-W11,model07,002459,True,0.0669975186104218,27,300,91.0,
9,2026-W11,model07,688111,True,-0.009971257230048578,237,300,21.0,
9,2026-W11,ensemble,688223,True,0.13749999999999996,11,300,,0.311239
9,2026-W11,ensemble,300394,True,0.05356153219233903,39,300,,0.251986
9,2026-W11,ensemble,300251,True,-0.023378141437755778,261,300,,0.160492
9,2026-W11,ensemble,605117,True,0.19587895508233477,3,300,,0.142157
9,2026-W11,ensemble,600875,True,-0.048919496556637354,280,300,,0.134126
10,2026-W12,model01,300442,True,0.053261520047875405,10,300,96.67,
10,2026-W12,model01,603392,True,0.020249999999999928,30,300,90.0,
10,2026-W12,model01,601838,True,-0.004664723032070035,91,300,69.67,
10,2026-W12,model01,603369,True,-0.0353861857774753,198,300,34.0,
10,2026-W12,model01,601872,True,0.1322207958921694,2,300,99.33,
10,2026-W12,model02,300394,True,0.030578970036301067,17,300,94.33,
10,2026-W12,model02,300442,True,0.053261520047875405,10,300,96.67,
10,2026-W12,model02,601872,True,0.1322207958921694,2,300,99.33,
10,2026-W12,model02,002916,True,0.01446239374773401,39,300,87.0,
10,2026-W12,model02,002384,True,0.03859462336970994,14,300,95.33,
10,2026-W12,model03,300251,True,-0.023170731707317014,156,300,48.0,
10,2026-W12,model03,300394,True,0.030578970036301067,17,300,94.33,
10,2026-W12,model03,600111,True,-0.0748031496062992,268,300,10.67,
10,2026-W12,model03,000708,True,-0.074223245109321,265,300,11.67,
10,2026-W12,model03,601618,True,-0.06948640483383688,260,300,13.33,
10,2026-W12,model04,300394,True,0.030578970036301067,17,300,94.33,
10,2026-W12,model04,601872,True,0.1322207958921694,2,300,99.33,
10,2026-W12,model04,002916,True,0.01446239374773401,39,300,87.0,
10,2026-W12,model04,600482,True,-0.06121833534378771,241,300,19.67,
10,2026-W12,model04,600522,True,-0.1221297836938435,291,300,3.0,
10,2026-W12,model05,300394,True,0.030578970036301067,17,300,94.33,
10,2026-W12,model05,300442,True,0.053261520047875405,10,300,96.67,
10,2026-W12,model05,002463,True,0.081081081081081,6,300,98.0,
10,2026-W12,model05,002916,True,0.01446239374773401,39,300,87.0,
10,2026-W12,model05,600522,True,-0.1221297836938435,291,300,3.0,
10,2026-W12,model07,600362,True,-0.07795591182364724,271,300,9.67,
10,2026-W12,model07,601169,True,-0.00546448087431699,95,300,68.33,
10,2026-W12,model07,601318,True,-0.006535947712418206,103,300,65.67,
10,2026-W12,model07,600015,True,-0.005578800557879927,97,300,67.67,
10,2026-W12,model07,000100,True,-0.06652806652806648,252,300,16.0,
10,2026-W12,ensemble,300442,True,0.053261520047875405,10,300,,0.278221
10,2026-W12,ensemble,300394,True,0.030578970036301067,17,300,,0.235321
10,2026-W12,ensemble,600362,True,-0.07795591182364724,271,300,,0.169373
10,2026-W12,ensemble,300408,True,0.031135531135531105,16,300,,0.166864
10,2026-W12,ensemble,601872,True,0.1322207958921694,2,300,,0.150221
11,2026-W13,model01,603392,True,-0.02964824120603015,194,300,35.33,
11,2026-W13,model01,600900,True,0.007757665312153541,60,300,80.0,
11,2026-W13,model01,601766,True,0.0016077170418006231,83,300,72.33,
11,2026-W13,model01,601328,True,-0.005805515239477523,110,300,63.33,
11,2026-W13,model01,601668,True,-0.012096774193548399,128,300,57.33,
11,2026-W13,model02,605117,True,-0.03418867359916207,213,300,29.0,
11,2026-W13,model02,002028,True,0.03811188811188811,20,300,93.33,
11,2026-W13,model02,600026,True,0.0,90,300,70.0,
11,2026-W13,model02,002384,True,-0.09313503219370638,296,300,1.33,
11,2026-W13,model02,300442,True,-0.01089531027948854,124,300,58.67,
11,2026-W13,model03,300394,True,0.036459374791708306,22,300,92.67,
11,2026-W13,model03,300442,True,-0.01089531027948854,124,300,58.67,
11,2026-W13,model03,002384,True,-0.09313503219370638,296,300,1.33,
11,2026-W13,model03,601872,True,-0.027906976744186116,187,300,37.67,
11,2026-W13,model03,300308,True,0.014466974979248193,44,300,85.33,
11,2026-W13,model04,600875,True,-0.004390779363336942,106,300,64.67,
11,2026-W13,model04,002028,True,0.03811188811188811,20,300,93.33,
11,2026-W13,model04,600482,True,0.0062685582316067716,66,300,78.0,
11,2026-W13,model04,600026,True,0.0,90,300,70.0,
11,2026-W13,model04,300394,True,0.036459374791708306,22,300,92.67,
11,2026-W13,model05,600875,True,-0.004390779363336942,106,300,64.67,
11,2026-W13,model05,300394,True,0.036459374791708306,22,300,92.67,
11,2026-W13,model05,600036,True,-0.002021222839818089,97,300,67.67,
11,2026-W13,model05,300750,True,-0.026861236910837916,183,300,39.0,
11,2026-W13,model05,002709,True,0.0442435775451952,16,300,94.67,
11,2026-W13,model07,300308,True,0.014466974979248193,44,300,85.33,
11,2026-W13,model07,300442,True,-0.01089531027948854,124,300,58.67,
11,2026-W13,model07,603986,True,-0.10115523465703968,300,300,0.0,
11,2026-W13,model07,601127,True,-0.0661580162634273,284,300,5.33,
11,2026-W13,model07,300033,True,-0.05235263702171664,263,300,12.33,
11,2026-W13,ensemble,300442,True,-0.01089531027948854,124,300,,0.379677
11,2026-W13,ensemble,600026,True,0.0,90,300,,0.176269
11,2026-W13,ensemble,300394,True,0.036459374791708306,22,300,,0.150394
11,2026-W13,ensemble,300308,True,0.014466974979248193,44,300,,0.148767
11,2026-W13,ensemble,002028,True,0.03811188811188811,20,300,,0.144892
12,2026-W14,model01,601872,True,0.17802585193889547,2,300,99.33,
12,2026-W14,model01,600026,True,0.09771846749892377,8,300,97.33,
12,2026-W14,model01,300442,True,0.0035582822085888696,155,300,48.33,
12,2026-W14,model01,600875,True,0.05145413870246086,30,300,90.0,
12,2026-W14,model01,600522,True,0.10544090056285184,6,300,98.0,
12,2026-W14,model02,603799,True,-0.00016949152542360436,174,300,42.0,
12,2026-W14,model02,002384,True,0.07717488344410274,12,300,96.0,
12,2026-W14,model02,002493,True,0.01754385964912284,102,300,66.0,
12,2026-W14,model02,603993,True,0.026666666666666682,65,300,78.33,
12,2026-W14,model02,600522,True,0.10544090056285184,6,300,98.0,
12,2026-W14,model03,002384,True,0.07717488344410274,12,300,96.0,
12,2026-W14,model03,002709,True,-0.045733643870421246,271,300,9.67,
12,2026-W14,model03,601868,True,-0.06885245901639342,288,300,4.0,
12,2026-W14,model03,300418,True,-0.020816326530612165,233,300,22.33,
12,2026-W14,model03,300394,True,0.07486631016042783,13,300,95.67,
12,2026-W14,model04,300394,True,0.07486631016042783,13,300,95.67,
12,2026-W14,model04,688223,True,-0.11037234042553189,298,300,0.67,
12,2026-W14,model04,300014,True,-0.11508159819921228,299,300,0.33,
12,2026-W14,model04,002709,True,-0.045733643870421246,271,300,9.67,
12,2026-W14,model04,300502,True,0.02650494159928126,66,300,78.0,
12,2026-W14,model05,002384,True,0.07717488344410274,12,300,96.0,
12,2026-W14,model05,605117,True,-0.051716247139587966,277,300,7.67,
12,2026-W14,model05,600989,True,-0.05927587311759064,283,300,5.67,
12,2026-W14,model05,600188,True,-0.04963144963144962,274,300,8.67,
12,2026-W14,model05,601898,True,-0.020441988950276213,231,300,23.0,
12,2026-W14,model07,600026,True,0.09771846749892377,8,300,97.33,
12,2026-W14,model07,601872,True,0.17802585193889547,2,300,99.33,
12,2026-W14,model07,600938,True,-0.05929983329364139,284,300,5.33,
12,2026-W14,model07,601808,True,-0.040998217468805734,268,300,10.67,
12,2026-W14,model07,002422,True,0.018443804034582116,94,300,68.67,
12,2026-W14,ensemble,002384,True,0.07717488344410274,12,300,,0.291303
12,2026-W14,ensemble,600026,True,0.09771846749892377,8,300,,0.182573
12,2026-W14,ensemble,605117,True,-0.051716247139587966,277,300,,0.180958
12,2026-W14,ensemble,601872,True,0.17802585193889547,2,300,,0.173889
12,2026-W14,ensemble,300394,True,0.07486631016042783,13,300,,0.171277
13,2026-W15,model01,600026,True,-0.003881987577639677,240,300,20.0,
13,2026-W15,model01,601872,True,-0.05587668593448951,300,300,0.0,
13,2026-W15,model01,600482,True,0.1940749697702539,2,300,99.33,
13,2026-W15,model01,300442,True,0.08695652173913034,38,300,87.33,
13,2026-W15,model01,600176,True,0.11942006867607782,15,300,95.0,
13,2026-W15,model02,002384,True,0.1966353111432707,1,300,99.67,
13,2026-W15,model02,600522,True,0.018170019467878044,146,300,51.33,
13,2026-W15,model02,600026,True,-0.003881987577639677,240,300,20.0,
13,2026-W15,model02,300394,True,0.03856056523561459,94,300,68.67,
13,2026-W15,model02,300502,True,0.09555555555555542,31,300,89.67,
13,2026-W15,model03,300502,True,0.09555555555555542,31,300,89.67,
13,2026-W15,model03,000617,True,-0.04850746268656715,299,300,0.33,
13,2026-W15,model03,600930,True,0.009999999999999978,179,300,40.33,
13,2026-W15,model03,603288,True,-0.011041766682669166,262,300,12.67,
13,2026-W15,model03,002594,True,-0.0011055276381909422,228,300,24.0,
13,2026-W15,model04,300274,True,0.01708502024291491,154,300,48.67,
13,2026-W15,model04,605117,True,0.1102040816326529,18,300,94.0,
13,2026-W15,model04,002384,True,0.1966353111432707,1,300,99.67,
13,2026-W15,model04,601898,True,-0.02164009111617312,282,300,6.0,
13,2026-W15,model04,002714,True,0.02120223671947807,133,300,55.67,
13,2026-W15,model05,300251,True,0.10566298342541439,22,300,92.67,
13,2026-W15,model05,300418,True,0.09505376344086021,32,300,89.33,
13,2026-W15,model05,603986,True,0.009442907941525127,183,300,39.0,
13,2026-W15,model05,002938,True,0.08757281553398058,36,300,88.0,
13,2026-W15,model05,002466,True,0.04129263913824055,87,300,71.0,
13,2026-W15,model07,300394,True,0.03856056523561459,94,300,68.67,
13,2026-W15,model07,300418,True,0.09505376344086021,32,300,89.33,
13,2026-W15,model07,603993,True,0.1042141230068337,25,300,91.67,
13,2026-W15,model07,300442,True,0.08695652173913034,38,300,87.33,
13,2026-W15,model07,600522,True,0.018170019467878044,146,300,51.33,
13,2026-W15,ensemble,002384,True,0.1966353111432707,1,300,,0.275462
13,2026-W15,ensemble,300502,True,0.09555555555555542,31,300,,0.251021
13,2026-W15,ensemble,300274,True,0.01708502024291491,154,300,,0.169831
13,2026-W15,ensemble,605117,True,0.1102040816326529,18,300,,0.158767
13,2026-W15,ensemble,600026,True,-0.003881987577639677,240,300,,0.144919
14,2026-W16,model01,601872,True,-0.037967914438502594,286,300,4.67,
14,2026-W16,model01,600026,True,-0.09098462816784376,299,300,0.33,
14,2026-W16,model01,600989,True,-0.066622691292876,296,300,1.33,
14,2026-W16,model01,600875,True,0.09086242299794663,10,300,96.67,
14,2026-W16,model01,300442,True,0.10199296600234475,8,300,97.33,
14,2026-W16,model02,688223,True,0.06481481481481484,28,300,90.67,
14,2026-W16,model02,300274,True,0.031388049290862724,76,300,74.67,
14,2026-W16,model02,688506,True,0.029933554817275717,79,300,73.67,
14,2026-W16,model02,600522,True,-0.04760285617137026,291,300,3.0,
14,2026-W16,model02,600176,True,0.12315101479188167,2,300,99.33,
14,2026-W16,model03,600026,True,-0.09098462816784376,299,300,0.33,
14,2026-W16,model03,000807,True,0.03943171933893892,59,300,80.33,
14,2026-W16,model03,300502,True,0.06177606177606173,34,300,88.67,
14,2026-W16,model03,603993,True,0.07173447537473243,23,300,92.33,
14,2026-W16,model03,300782,True,0.0703085483055134,26,300,91.33,
14,2026-W16,model04,300394,True,0.022288135593220376,101,300,66.33,
14,2026-W16,model04,600026,True,-0.09098462816784376,299,300,0.33,
14,2026-W16,model04,601872,True,-0.037967914438502594,286,300,4.67,
14,2026-W16,model04,002384,True,0.07931202562495661,17,300,94.33,
14,2026-W16,model04,600522,True,-0.04760285617137026,291,300,3.0,
14,2026-W16,model05,300014,True,0.023228803716608664,93,300,69.0,
14,2026-W16,model05,300661,True,0.022336769759450138,100,300,66.67,
14,2026-W16,model05,601899,True,0.04853205512282801,44,300,85.33,
14,2026-W16,model05,603799,True,0.10522854324235441,7,300,97.67,
14,2026-W16,model05,688223,True,0.06481481481481484,28,300,90.67,
14,2026-W16,model07,600522,True,-0.04760285617137026,291,300,3.0,
14,2026-W16,model07,300394,True,0.022288135593220376,101,300,66.33,
14,2026-W16,model07,300442,True,0.10199296600234475,8,300,97.33,
14,2026-W16,model07,300418,True,0.041497975708501944,49,300,83.67,
14,2026-W16,model07,601872,True,-0.037967914438502594,286,300,4.67,
14,2026-W16,ensemble,300394,True,0.022288135593220376,101,300,,0.255541
14,2026-W16,ensemble,688223,True,0.06481481481481484,28,300,,0.204886
14,2026-W16,ensemble,603993,True,0.07173447537473243,23,300,,0.183933
14,2026-W16,ensemble,600522,True,-0.04760285617137026,291,300,,0.180945
14,2026-W16,ensemble,300274,True,0.031388049290862724,76,300,,0.174695
15,2026-W17,model01,601872,True,-0.04855428259683579,279,300,7.0,
15,2026-W17,model01,600026,True,-0.035246272028920035,266,300,11.33,
15,2026-W17,model01,600482,True,0.126930123004449,6,300,98.0,
15,2026-W17,model01,300442,True,0.0029629629629630027,138,300,54.0,
15,2026-W17,model01,600875,True,0.06503868471953579,26,300,91.33,
15,2026-W17,model02,300274,True,0.009266932871242447,115,300,61.67,
15,2026-W17,model02,002384,True,0.19385488647581423,2,300,99.33,
15,2026-W17,model02,300502,True,-0.06152801358234285,292,300,2.67,
15,2026-W17,model02,300308,True,0.06036513545347455,33,300,89.0,
15,2026-W17,model02,600482,True,0.126930123004449,6,300,98.0,
15,2026-W17,model03,300502,True,-0.06152801358234285,292,300,2.67,
15,2026-W17,model03,688041,True,0.0520229007633587,39,300,87.0,
15,2026-W17,model03,300394,True,-0.08996171841769454,300,300,0.0,
15,2026-W17,model03,688256,True,-0.015928411633109544,212,300,29.33,
15,2026-W17,model03,000807,True,-0.05607995558023316,286,300,4.67,
15,2026-W17,model04,002709,True,0.018969072164948492,87,300,71.0,
15,2026-W17,model04,600026,True,-0.035246272028920035,266,300,11.33,
15,2026-W17,model04,000792,True,-0.0638522427440633,294,300,2.0,
15,2026-W17,model04,600233,True,0.07544449783757819,21,300,93.0,
15,2026-W17,model04,000895,True,0.017964071856287466,91,300,69.67,
15,2026-W17,model05,601698,True,0.12385995881141501,7,300,97.67,
15,2026-W17,model05,600346,True,0.01614273576890402,96,300,68.0,
15,2026-W17,model05,300394,True,-0.08996171841769454,300,300,0.0,
15,2026-W17,model05,688506,True,-0.03516778523489939,265,300,11.67,
15,2026-W17,model05,600547,True,-0.07282184655396616,299,300,0.33,
15,2026-W17,model07,300394,True,-0.08996171841769454,300,300,0.0,
15,2026-W17,model07,600893,True,0.008810572687224637,117,300,61.0,
15,2026-W17,model07,300442,True,0.0029629629629630027,138,300,54.0,
15,2026-W17,model07,603259,True,-0.0036220947781467816,166,300,44.67,
15,2026-W17,model07,002920,True,0.010336157929043643,114,300,62.0,
15,2026-W17,ensemble,300394,True,-0.08996171841769454,300,300,,0.254652
15,2026-W17,ensemble,300502,True,-0.06152801358234285,292,300,,0.231381
15,2026-W17,ensemble,688256,True,-0.015928411633109544,212,300,,0.178307
15,2026-W17,ensemble,600482,True,0.126930123004449,6,300,,0.17331
15,2026-W17,ensemble,601872,True,-0.04855428259683579,279,300,,0.16235
16,2026-W18,model01,300394,True,-0.037323076923076945,278,300,7.33,
16,2026-W18,model01,002384,True,0.009468085106383056,130,300,56.67,
16,2026-W18,model01,000338,True,0.03970390309555854,53,300,82.33,
16,2026-W18,model01,600875,True,-0.020009643201542957,250,300,16.67,
16,2026-W18,model01,601398,True,-0.01192052980132436,222,300,26.0,
16,2026-W18,model02,002384,True,0.009468085106383056,130,300,56.67,
16,2026-W18,model02,300308,True,-0.03817350483844485,279,300,7.0,
16,2026-W18,model02,300502,True,-0.0007280669821623341,171,300,43.0,
16,2026-W18,model02,300782,True,-0.006628878854837051,199,300,33.67,
16,2026-W18,model02,688256,True,0.09255212769897415,11,300,96.33,
16,2026-W18,model03,601872,True,-0.011494252873563208,221,300,26.33,
16,2026-W18,model03,300394,True,-0.037323076923076945,278,300,7.33,
16,2026-W18,model03,600026,True,-0.011126564673157195,218,300,27.33,
16,2026-W18,model03,688506,True,-0.05155148095909733,287,300,4.33,
16,2026-W18,model03,002384,True,0.009468085106383056,130,300,56.67,
16,2026-W18,model04,600875,True,-0.020009643201542957,250,300,16.67,
16,2026-W18,model04,300502,True,-0.0007280669821623341,171,300,43.0,
16,2026-W18,model04,300394,True,-0.037323076923076945,278,300,7.33,
16,2026-W18,model04,603986,True,0.06104313803508069,24,300,92.0,
16,2026-W18,model04,688256,True,0.09255212769897415,11,300,96.33,
16,2026-W18,model05,300661,True,-0.023333333333333407,260,300,13.33,
16,2026-W18,model05,002466,True,0.02040816326530618,100,300,66.67,
16,2026-W18,model05,300274,True,0.05140470766894457,37,300,87.67,
16,2026-W18,model05,688256,True,0.09255212769897415,11,300,96.33,
16,2026-W18,model05,300308,True,-0.03817350483844485,279,300,7.0,
16,2026-W18,model07,600875,True,-0.020009643201542957,250,300,16.67,
16,2026-W18,model07,002028,True,-0.07939031232466809,296,300,1.33,
16,2026-W18,model07,000301,True,0.05622489959839367,30,300,90.0,
16,2026-W18,model07,600183,True,0.06756756756756752,18,300,94.0,
16,2026-W18,model07,688981,True,0.0005298013245033313,165,300,45.0,
16,2026-W18,ensemble,300394,True,-0.037323076923076945,278,300,,0.311078
16,2026-W18,ensemble,600875,True,-0.020009643201542957,250,300,,0.234941
16,2026-W18,ensemble,002384,True,0.009468085106383056,130,300,,0.167424
16,2026-W18,ensemble,300502,True,-0.0007280669821623341,171,300,,0.149829
16,2026-W18,ensemble,300308,True,-0.03817350483844485,279,300,,0.136727
17,2026-W19,model01,002384,True,0.09489051094890523,4,300,98.67,
17,2026-W19,model01,300394,True,0.026498321879494937,49,300,83.67,
17,2026-W19,model01,600522,True,0.13454113454113456,1,300,99.67,
17,2026-W19,model01,605117,True,0.00045973991856035725,149,300,50.33,
17,2026-W19,model01,600176,True,0.06392045454545447,12,300,96.0,
17,2026-W19,model02,300442,True,0.03236559139784946,37,300,87.67,
17,2026-W19,model02,002463,True,0.013563250499025164,89,300,70.33,
17,2026-W19,model02,300502,True,0.024263752546767832,56,300,81.33,
17,2026-W19,model02,002938,True,0.024520547945205372,54,300,82.0,
17,2026-W19,model02,603296,True,0.06316483102701682,14,300,95.33,
17,2026-W19,model03,002384,True,0.09489051094890523,4,300,98.67,
17,2026-W19,model03,300308,True,-0.026505346088913913,272,300,9.33,
17,2026-W19,model03,300394,True,0.026498321879494937,49,300,83.67,
17,2026-W19,model03,002938,True,0.024520547945205372,54,300,82.0,
17,2026-W19,model03,600176,True,0.06392045454545447,12,300,96.0,
17,2026-W19,model04,688256,True,0.016841732364773317,78,300,74.0,
17,2026-W19,model04,002460,True,-0.02656336469286111,273,300,9.0,
17,2026-W19,model04,002466,True,-0.02161689366487573,265,300,11.67,
17,2026-W19,model04,300308,True,-0.026505346088913913,272,300,9.33,
17,2026-W19,model04,300476,True,-0.002934043890901366,180,300,40.0,
17,2026-W19,model05,603296,True,0.06316483102701682,14,300,95.33,
17,2026-W19,model05,002384,True,0.09489051094890523,4,300,98.67,
17,2026-W19,model05,002938,True,0.024520547945205372,54,300,82.0,
17,2026-W19,model05,300661,True,-0.05456593556978233,293,300,2.33,
17,2026-W19,model05,601138,True,-0.004424778761061987,191,300,36.33,
17,2026-W19,model07,600183,True,0.02195431472081222,65,300,78.33,
17,2026-W19,model07,601998,True,-0.014268727705112843,241,300,19.67,
17,2026-W19,model07,300274,True,0.0027600232423009635,141,300,53.0,
17,2026-W19,model07,300442,True,0.03236559139784946,37,300,87.67,
17,2026-W19,model07,688472,True,-0.0027624309392265288,176,300,41.33,
17,2026-W19,ensemble,000338,True,0.003803393797542333,134,300,,0.208344
17,2026-W19,ensemble,002938,True,0.024520547945205372,54,300,,0.200838
17,2026-W19,ensemble,002384,True,0.09489051094890523,4,300,,0.200054
17,2026-W19,ensemble,300442,True,0.03236559139784946,37,300,,0.19734
17,2026-W19,ensemble,603296,True,0.06316483102701682,14,300,,0.193424
18,2026-W20,model01,601127,True,-0.05331107401224258,273,300,9.0,
18,2026-W20,model01,601633,True,-0.030792529025744503,228,300,24.0,
18,2026-W20,model01,600760,True,-0.05292368681863232,271,300,9.67,
18,2026-W20,model01,000625,True,-0.04211663066954638,252,300,16.0,
18,2026-W20,model01,600941,True,0.018409349467369926,52,300,82.67,
18,2026-W20,model02,002384,True,0.004056603773584962,85,300,71.67,
18,2026-W20,model02,688012,True,0.043256862485081655,23,300,92.33,
18,2026-W20,model02,688256,True,0.028209825145711895,34,300,88.67,
18,2026-W20,model02,600176,True,-0.023122889062093945,194,300,35.33,
18,2026-W20,model02,300408,True,0.01061886275405348,71,300,76.33,
18,2026-W20,model03,600111,True,-0.029320706610817763,224,300,25.33,
18,2026-W20,model03,688012,True,0.043256862485081655,23,300,92.33,
18,2026-W20,model03,600346,True,-0.0004486316733962544,99,300,67.0,
18,2026-W20,model03,002493,True,0.01937984496124033,49,300,83.67,
18,2026-W20,model03,300442,True,-0.008836667314041502,130,300,56.67,
18,2026-W20,model04,002384,True,0.004056603773584962,85,300,71.67,
18,2026-W20,model04,300476,True,-0.021077606422600488,187,300,37.67,
18,2026-W20,model04,300502,True,0.11371841155234662,11,300,96.33,
18,2026-W20,model04,300394,True,0.2030120301203012,2,300,99.33,
18,2026-W20,model04,300782,True,0.34312977099236636,1,300,99.67,
18,2026-W20,model05,300394,True,0.2030120301203012,2,300,99.33,
18,2026-W20,model05,600346,True,-0.0004486316733962544,99,300,67.0,
18,2026-W20,model05,300782,True,0.34312977099236636,1,300,99.67,
18,2026-W20,model05,000807,True,-0.018204645323289397,175,300,41.67,
18,2026-W20,model05,601872,True,-0.057894736842105214,280,300,6.67,
18,2026-W20,model07,000975,True,-0.08081859174471039,291,300,3.0,
18,2026-W20,model07,600426,True,-0.039425513939735236,246,300,18.0,
18,2026-W20,model07,600845,True,-0.027547490839153147,216,300,28.0,
18,2026-W20,model07,002371,True,0.036037674097239965,28,300,90.67,
18,2026-W20,model07,002459,True,-0.0018298261665141181,102,300,66.0,
18,2026-W20,ensemble,002384,True,0.004056603773584962,85,300,,0.301873
18,2026-W20,ensemble,300394,True,0.2030120301203012,2,300,,0.236235
18,2026-W20,ensemble,688012,True,0.043256862485081655,23,300,,0.164991
18,2026-W20,ensemble,600346,True,-0.0004486316733962544,99,300,,0.162604
18,2026-W20,ensemble,300502,True,0.11371841155234662,11,300,,0.134297
19,2026-W21,model01,002384,True,0.037226456847799363,36,300,88.0,
19,2026-W21,model01,300394,True,-0.11051697987094787,298,300,0.67,
19,2026-W21,model01,600176,True,0.05917159763313605,26,300,91.33,
19,2026-W21,model01,000338,True,-0.028436018957345943,204,300,32.0,
19,2026-W21,model01,300408,True,0.2343051963320009,1,300,99.67,
19,2026-W21,model02,002384,True,0.037226456847799363,36,300,88.0,
19,2026-W21,model02,688256,True,0.08374999999999991,19,300,93.67,
19,2026-W21,model02,300408,True,0.2343051963320009,1,300,99.67,
19,2026-W21,model02,600176,True,0.05917159763313605,26,300,91.33,
19,2026-W21,model02,600522,True,0.018854415274462993,55,300,81.67,
19,2026-W21,model03,300308,True,-0.019407201731988493,159,300,47.0,
19,2026-W21,model03,002384,True,0.037226456847799363,36,300,88.0,
19,2026-W21,model03,603993,True,-0.019283746556473847,158,300,47.33,
19,2026-W21,model03,688008,True,0.10388349514563106,11,300,96.33,
19,2026-W21,model03,002028,True,0.06908839485161165,24,300,92.0,
19,2026-W21,model04,300502,True,-0.036176961602671136,223,300,25.67,
19,2026-W21,model04,002384,True,0.037226456847799363,36,300,88.0,
19,2026-W21,model04,600176,True,0.05917159763313605,26,300,91.33,
19,2026-W21,model04,688041,True,0.02673267326732678,46,300,84.67,
19,2026-W21,model04,688126,True,0.16535105941005399,5,300,98.33,
19,2026-W21,model05,688047,True,0.015582613084347984,64,300,78.67,
19,2026-W21,model05,002384,True,0.037226456847799363,36,300,88.0,
19,2026-W21,model05,300442,True,-0.10578496486668602,297,300,1.0,
19,2026-W21,model05,688012,True,0.08843537414965986,17,300,94.33,
19,2026-W21,model05,002709,True,0.026503023834934213,47,300,84.33,
19,2026-W21,model07,000301,True,-0.0348837209302326,219,300,27.0,
19,2026-W21,model07,002493,True,-0.10546574287913775,296,300,1.33,
19,2026-W21,model07,002601,True,-0.07555809959931312,286,300,4.67,
19,2026-W21,model07,300759,True,0.008679245283018906,77,300,74.33,
19,2026-W21,model07,000630,True,-0.03966942148760326,236,300,21.33,
19,2026-W21,ensemble,002384,True,0.037226456847799363,36,300,,0.438694
19,2026-W21,ensemble,600176,True,0.05917159763313605,26,300,,0.199214
19,2026-W21,ensemble,300408,True,0.2343051963320009,1,300,,0.13544
19,2026-W21,ensemble,688008,True,0.10388349514563106,11,300,,0.117138
19,2026-W21,ensemble,300442,True,-0.10578496486668602,297,300,,0.109513
20,2026-W22,model01,002384,True,8.972230945223092e-05,97,300,67.67,
20,2026-W22,model01,600176,True,0.12088914244098668,12,300,96.0,
20,2026-W22,model01,600522,True,-0.07428313389026868,288,300,4.0,
20,2026-W22,model01,600482,True,0.12394366197183099,11,300,96.33,
20,2026-W22,model01,601818,True,-0.006451612903225819,113,300,62.33,
20,2026-W22,model02,002938,True,-0.055370888733380086,277,300,7.67,
20,2026-W22,model02,600522,True,-0.07428313389026868,288,300,4.0,
20,2026-W22,model02,300418,True,-0.049477500533162674,265,300,11.67,
20,2026-W22,model02,002384,True,8.972230945223092e-05,97,300,67.67,
20,2026-W22,model02,688396,True,0.11040000000000001,14,300,95.33,
20,2026-W22,model03,002384,True,8.972230945223092e-05,97,300,67.67,
20,2026-W22,model03,688008,True,-0.006367041198501851,112,300,62.67,
20,2026-W22,model03,688012,True,0.006443751529360187,81,300,73.0,
20,2026-W22,model03,300408,True,0.09090909090909081,21,300,93.0,
20,2026-W22,model03,600522,True,-0.07428313389026868,288,300,4.0,
20,2026-W22,model04,000977,True,0.024826789838337287,52,300,82.67,
20,2026-W22,model04,002709,True,-0.1010452961672474,296,300,1.33,
20,2026-W22,model04,300418,True,-0.049477500533162674,265,300,11.67,
20,2026-W22,model04,688047,True,-0.015625,148,300,50.67,
20,2026-W22,model04,002466,True,-0.035187117936484255,231,300,23.0,
20,2026-W22,model05,002384,True,8.972230945223092e-05,97,300,67.67,
20,2026-W22,model05,600522,True,-0.07428313389026868,288,300,4.0,
20,2026-W22,model05,300661,True,0.10591620212192046,18,300,94.0,
20,2026-W22,model05,600188,True,0.004716981132075509,82,300,72.67,
20,2026-W22,model05,601898,True,-0.02893081761006288,209,300,30.33,
20,2026-W22,model07,600522,True,-0.07428313389026868,288,300,4.0,
20,2026-W22,model07,002493,True,-0.012998266897747014,136,300,54.67,
20,2026-W22,model07,300394,True,0.2523464735854117,1,300,99.67,
20,2026-W22,model07,002916,True,0.008502719580154116,77,300,74.33,
20,2026-W22,model07,688008,True,-0.006367041198501851,112,300,62.67,
20,2026-W22,ensemble,600522,True,-0.07428313389026868,288,300,,0.322099
20,2026-W22,ensemble,002384,True,8.972230945223092e-05,97,300,,0.319795
20,2026-W22,ensemble,600176,True,0.12088914244098668,12,300,,0.134375
20,2026-W22,ensemble,688008,True,-0.006367041198501851,112,300,,0.118718
20,2026-W22,ensemble,002938,True,-0.055370888733380086,277,300,,0.105013
